Sample in Buffer,Sample in Window,TRIGGER,genblk1[0].Aquila_SoC/I_Cache/p_data_o[31:0],genblk1[0].Aquila_SoC/I_Cache/m_data_i[127:0],genblk1[0].Aquila_SoC/I_Cache/p_addr_i[31:0]
Radix - UNSIGNED,UNSIGNED,UNSIGNED,HEX,HEX,HEX
0,0,0,00000000,00000000000000000000000000000000,0000060c
1,1,0,00000000,00000000000000000000000000000000,0000060c
2,2,0,00000000,00000000000000000000000000000000,0000060c
3,3,0,00000000,00000000000000000000000000000000,0000060c
4,4,0,00000000,00000000000000000000000000000000,00000604
5,5,0,00000000,00000000000000000000000000000000,00000608
6,6,0,00000000,00000000000000000000000000000000,0000060c
7,7,0,00000000,00000000000000000000000000000000,0000060c
8,8,0,00000000,00000000000000000000000000000000,0000060c
9,9,0,00000000,00000000000000000000000000000000,0000060c
10,10,0,00000000,00000000000000000000000000000000,0000060c
11,11,0,00000000,00000000000000000000000000000000,0000060c
12,12,0,00000000,00000000000000000000000000000000,00000604
13,13,0,00000000,00000000000000000000000000000000,00000608
14,14,0,00000000,00000000000000000000000000000000,0000060c
15,15,0,00000000,00000000000000000000000000000000,0000060c
16,16,0,00000000,00000000000000000000000000000000,0000060c
17,17,0,00000000,00000000000000000000000000000000,0000060c
18,18,0,00000000,00000000000000000000000000000000,0000060c
19,19,0,00000000,00000000000000000000000000000000,0000060c
20,20,0,00000000,00000000000000000000000000000000,00000604
21,21,0,00000000,00000000000000000000000000000000,00000608
22,22,0,00000000,00000000000000000000000000000000,0000060c
23,23,0,00000000,00000000000000000000000000000000,0000060c
24,24,0,00000000,00000000000000000000000000000000,0000060c
25,25,0,00000000,00000000000000000000000000000000,0000060c
26,26,0,00000000,00000000000000000000000000000000,0000060c
27,27,0,00000000,00000000000000000000000000000000,0000060c
28,28,0,00000000,00000000000000000000000000000000,00000604
29,29,0,00000000,00000000000000000000000000000000,00000608
30,30,0,00000000,00000000000000000000000000000000,00000610
31,31,0,00000000,00000000000000000000000000000000,00000614
32,32,0,00000000,00000000000000000000000000000000,000005b8
33,33,0,00000000,00000000000000000000000000000000,000005bc
34,34,0,00000000,00000000000000000000000000000000,000005bc
35,35,0,00000000,00000000000000000000000000000000,000005bc
36,36,0,00000000,00000000000000000000000000000000,000005bc
37,37,0,00000000,00000000000000000000000000000000,000005bc
38,38,0,00000000,00000000000000000000000000000000,000005c0
39,39,0,00000000,00000000000000000000000000000000,0000057c
40,40,0,00000000,00000000000000000000000000000000,0000057c
41,41,0,00000000,00000000000000000000000000000000,000005f8
42,42,0,00000000,00000000000000000000000000000000,000005c4
43,43,0,00000000,00000000000000000000000000000000,000005c8
44,44,0,00000000,00000000000000000000000000000000,000005cc
45,45,0,00000000,00000000000000000000000000000000,000005d0
46,46,0,00000000,00000000000000000000000000000000,000005d0
47,47,0,00000000,00000000000000000000000000000000,000005d4
48,48,0,00000000,00000000000000000000000000000000,000005d4
49,49,0,00000000,00000000000000000000000000000000,000005d8
50,50,0,00000000,00000000000000000000000000000000,000005d8
51,51,0,00000000,00000000000000000000000000000000,000005dc
52,52,0,00000000,00000000000000000000000000000000,000005dc
53,53,0,00000000,00000000000000000000000000000000,000005e0
54,54,0,00000000,00000000000000000000000000000000,000005e0
55,55,0,00000000,00000000000000000000000000000000,000005e4
56,56,0,00000000,00000000000000000000000000000000,000005e4
57,57,0,00000000,00000000000000000000000000000000,000005e8
58,58,0,00000000,00000000000000000000000000000000,000005e8
59,59,0,00000000,00000000000000000000000000000000,000005ec
60,60,0,00000000,00000000000000000000000000000000,000005ec
61,61,0,00000000,00000000000000000000000000000000,000005f0
62,62,0,00000000,00000000000000000000000000000000,000005f0
63,63,0,00000000,00000000000000000000000000000000,000005f4
64,64,0,00000000,00000000000000000000000000000000,000005f4
65,65,0,00000000,00000000000000000000000000000000,000005f8
66,66,0,00000000,00000000000000000000000000000000,000005fc
67,67,0,00000000,00000000000000000000000000000000,000008b0
68,68,0,00000000,00000000000000000000000000000000,000008b4
69,69,0,00000000,00000000000000000000000000000000,000008b8
70,70,0,00000000,00000000000000000000000000000000,00000058
71,71,0,00000000,00000000000000000000000000000000,0000005c
72,72,0,00000000,00000000000000000000000000000000,00000060
73,73,0,00000000,00000000000000000000000000000000,00000064
74,74,0,00000000,00000000000000000000000000000000,00000064
75,75,0,00000000,00000000000000000000000000000000,00000064
76,76,0,00000000,00000000000000000000000000000000,00000068
77,77,0,00000000,00000000000000000000000000000000,00000068
78,78,0,00000000,00000000000000000000000000000000,00000068
79,79,0,00000000,00000000000000000000000000000000,00000068
80,80,0,00000000,00000000000000000000000000000000,00000068
81,81,0,00000000,00000000000000000000000000000000,00000068
82,82,0,00000000,00000000000000000000000000000000,00000068
83,83,0,00000000,00000000000000000000000000000000,00000068
84,84,0,00000000,00000000000000000000000000000000,00000068
85,85,0,00000000,00000000000000000000000000000000,00000068
86,86,0,00000000,00000000000000000000000000000000,00000068
87,87,0,00000000,00000000000000000000000000000000,0000006c
88,88,0,00000000,00000000000000000000000000000000,00000070
89,89,0,00000000,00000000000000000000000000000000,000008b4
90,90,0,00000000,00000000000000000000000000000000,000008b8
91,91,0,00000000,00000000000000000000000000000000,000008bc
92,92,0,00000000,00000000000000000000000000000000,000008c0
93,93,0,00000000,00000000000000000000000000000000,000008b8
94,94,0,00000000,00000000000000000000000000000000,000008bc
95,95,0,00000000,00000000000000000000000000000000,000008c0
96,96,0,00000000,00000000000000000000000000000000,000008c4
97,97,0,00000000,00000000000000000000000000000000,000008c4
98,98,0,00000000,00000000000000000000000000000000,000008c4
99,99,0,00000000,00000000000000000000000000000000,000008c8
100,100,1,00000000,00000000000000000000000000000000,80002264
101,101,0,00000000,00000000000000000000000000000000,80002264
102,102,0,00000000,00000000000000000000000000000000,80002264
103,103,0,00000000,00000000000000000000000000000000,80002264
104,104,0,00000000,00000000000000000000000000000000,80002264
105,105,0,00000000,00000000000000000000000000000000,80002264
106,106,0,00000000,00000000000000000000000000000000,80002264
107,107,0,00000000,00000000000000000000000000000000,80002264
108,108,0,00000000,00000000000000000000000000000000,80002264
109,109,0,00000000,00000000000000000000000000000000,80002264
110,110,0,00000000,00000000000000000000000000000000,80002264
111,111,0,00000000,00000000000000000000000000000000,80002264
112,112,0,00000000,00000000000000000000000000000000,80002264
113,113,0,00000000,00000000000000000000000000000000,80002264
114,114,0,00000000,00000000000000000000000000000000,80002264
115,115,0,00000000,00000000000000000000000000000000,80002264
116,116,0,00000000,00000000000000000000000000000000,80002264
117,117,0,00000000,00000000000000000000000000000000,80002264
118,118,0,00000000,00000000000000000000000000000000,80002264
119,119,0,00000000,00000000000000000000000000000000,80002264
120,120,0,00000000,00000000000000000000000000000000,80002264
121,121,0,00000000,00000000000000000000000000000000,80002264
122,122,0,00000000,00000000000000000000000000000000,80002264
123,123,0,00000000,00000000000000000000000000000000,80002264
124,124,0,00000000,00000000000000000000000000000000,80002264
125,125,0,00000000,00000000000000000000000000000000,80002264
126,126,0,00000000,00000000000000000000000000000000,80002264
127,127,0,00000000,00000000000000000000000000000000,80002264
128,128,0,00000000,00000000000000000000000000000000,80002264
129,129,0,00000000,00000000000000000000000000000000,80002264
130,130,0,00000000,00000000000000000000000000000000,80002264
131,131,0,00000000,00000000000000000000000000000000,80002264
132,132,0,00000000,00000000000000000000000000000000,80002264
133,133,0,00000000,00000000000000000000000000000000,80002264
134,134,0,00000000,00000000000000000000000000000000,80002264
135,135,0,00000000,00000000000000000000000000000000,80002264
136,136,0,00000000,00000000000000000000000000000000,80002264
137,137,0,00000000,00000000000000000000000000000000,80002264
138,138,0,00000000,00000000000000000000000000000000,80002264
139,139,0,00000000,00000000000000000000000000000000,80002264
140,140,0,00000000,00000000000000000000000000000000,80002264
141,141,0,00000000,00000000000000000000000000000000,80002264
142,142,0,00000000,00000000000000000000000000000000,80002264
143,143,0,00000000,00000000000000000000000000000000,80002264
144,144,0,00000000,00000000000000000000000000000000,80002264
145,145,0,00000000,00000000000000000000000000000000,80002264
146,146,0,00000000,00000000000000000000000000000000,80002264
147,147,0,00000000,00000000000000000000000000000000,80002264
148,148,0,00000000,00000000000000000000000000000000,80002264
149,149,0,00000000,00000000000000000000000000000000,80002264
150,150,0,00000000,00000000000000000000000000000000,80002264
151,151,0,00000000,00000000000000000000000000000000,80002264
152,152,0,00000000,00000000000000000000000000000000,80002264
153,153,0,00000000,00000000000000000000000000000000,80002264
154,154,0,00000000,00000000000000000000000000000000,80002264
155,155,0,00000000,00000000000000000000000000000000,80002264
156,156,0,00000000,00000000000000000000000000000000,80002264
157,157,0,00000000,00000000000000000000000000000000,80002264
158,158,0,00000000,00000000000000000000000000000000,80002264
159,159,0,00000000,00000000000000000000000000000000,80002264
160,160,0,00000000,00000000000000000000000000000000,80002264
161,161,0,00000000,00000000000000000000000000000000,80002264
162,162,0,00000000,00000000000000000000000000000000,80002264
163,163,0,00000000,00000000000000000000000000000000,80002264
164,164,0,00000000,00000000000000000000000000000000,80002264
165,165,0,00000000,00000000000000000000000000000000,80002264
166,166,0,00000000,00000000000000000000000000000000,80002264
167,167,0,00000000,00000000000000000000000000000000,80002264
168,168,0,00000000,00000000000000000000000000000000,80002264
169,169,0,00000000,00000000000000000000000000000000,80002264
170,170,0,00000000,00000000000000000000000000000000,80002264
171,171,0,00000000,00000000000000000000000000000000,80002264
172,172,0,00000000,00000000000000000000000000000000,80002264
173,173,0,00000000,00000000000000000000000000000000,80002264
174,174,0,00000000,00000000000000000000000000000000,80002264
175,175,0,00000000,00000000000000000000000000000000,80002264
176,176,0,00000000,00000000000000000000000000000000,80002264
177,177,0,00000000,00000000000000000000000000000000,80002264
178,178,0,00000000,00000000000000000000000000000000,80002264
179,179,0,00000000,00000000000000000000000000000000,80002264
180,180,0,00000000,00000000000000000000000000000000,80002264
181,181,0,00000000,00000000000000000000000000000000,80002264
182,182,0,00000000,00000000000000000000000000000000,80002264
183,183,0,00000000,00000000000000000000000000000000,80002264
184,184,0,00000000,00000000000000000000000000000000,80002264
185,185,0,00000000,00000000000000000000000000000000,80002264
186,186,0,00000000,00000000000000000000000000000000,80002264
187,187,0,00000000,00000000000000000000000000000000,80002264
188,188,0,00000000,00000000000000000000000000000000,80002264
189,189,0,00000000,00000000000000000000000000000000,80002264
190,190,0,00000000,00000000000000000000000000000000,80002264
191,191,0,00000000,00000000000000000000000000000000,80002264
192,192,0,00000000,00000000000000000000000000000000,80002264
193,193,0,00000000,00000000000000000000000000000000,80002264
194,194,0,00000000,00000000000000000000000000000000,80002264
195,195,0,00000000,00000000000000000000000000000000,80002264
196,196,0,00000000,00000000000000000000000000000000,80002264
197,197,0,00000000,00000000000000000000000000000000,80002264
198,198,0,00000000,00000000000000000000000000000000,80002264
199,199,0,00000000,00000000000000000000000000000000,80002264
200,200,0,00000000,00000000000000000000000000000000,80002264
201,201,0,00000000,00000000000000000000000000000000,80002264
202,202,0,00000000,00000000000000000000000000000000,80002264
203,203,0,00000000,00000000000000000000000000000000,80002264
204,204,0,00000000,00000000000000000000000000000000,80002264
205,205,0,00000000,00000000000000000000000000000000,80002264
206,206,0,00000000,00000000000000000000000000000000,80002264
207,207,0,00000000,00000000000000000000000000000000,80002264
208,208,0,00000000,00000000000000000000000000000000,80002264
209,209,0,00000000,00000000000000000000000000000000,80002264
210,210,0,00000000,00000000000000000000000000000000,80002264
211,211,0,00000000,00000000000000000000000000000000,80002264
212,212,0,00000000,00000000000000000000000000000000,80002264
213,213,0,00000000,00000000000000000000000000000000,80002264
214,214,0,00000000,00000000000000000000000000000000,80002264
215,215,0,00000000,00000000000000000000000000000000,80002264
216,216,0,00000000,00000000000000000000000000000000,80002264
217,217,0,00000000,00000000000000000000000000000000,80002264
218,218,0,00000000,00000000000000000000000000000000,80002264
219,219,0,00000000,00000000000000000000000000000000,80002264
220,220,0,00000000,00000000000000000000000000000000,80002264
221,221,0,00000000,00000000000000000000000000000000,80002264
222,222,0,00000000,00000000000000000000000000000000,80002264
223,223,0,00000000,00000000000000000000000000000000,80002264
224,224,0,00000000,00000000000000000000000000000000,80002264
225,225,0,00000000,00000000000000000000000000000000,80002264
226,226,0,00000000,00000000000000000000000000000000,80002264
227,227,0,00000000,00000000000000000000000000000000,80002264
228,228,0,00000000,00000000000000000000000000000000,80002264
229,229,0,00000000,00000000000000000000000000000000,80002264
230,230,0,00000000,00000000000000000000000000000000,80002264
231,231,0,00000000,00000000000000000000000000000000,80002264
232,232,0,00000000,00000000000000000000000000000000,80002264
233,233,0,00000000,00000000000000000000000000000000,80002264
234,234,0,00000000,00000000000000000000000000000000,80002264
235,235,0,00000000,00000000000000000000000000000000,80002264
236,236,0,00000000,00000000000000000000000000000000,80002264
237,237,0,00000000,00000000000000000000000000000000,80002264
238,238,0,00000000,00000000000000000000000000000000,80002264
239,239,0,00000000,00000000000000000000000000000000,80002264
240,240,0,00000000,00000000000000000000000000000000,80002264
241,241,0,00000000,00000000000000000000000000000000,80002264
242,242,0,00000000,00000000000000000000000000000000,80002264
243,243,0,00000000,00000000000000000000000000000000,80002264
244,244,0,00000000,00000000000000000000000000000000,80002264
245,245,0,00000000,00000000000000000000000000000000,80002264
246,246,0,00000000,00000000000000000000000000000000,80002264
247,247,0,00000000,00000000000000000000000000000000,80002264
248,248,0,00000000,00000000000000000000000000000000,80002264
249,249,0,00000000,00000000000000000000000000000000,80002264
250,250,0,00000000,00000000000000000000000000000000,80002264
251,251,0,00000000,00000000000000000000000000000000,80002264
252,252,0,00000000,00000000000000000000000000000000,80002264
253,253,0,00000000,00000000000000000000000000000000,80002264
254,254,0,00000000,00000000000000000000000000000000,80002264
255,255,0,00000000,00000000000000000000000000000000,80002264
256,256,0,00000000,00000000000000000000000000000000,80002264
257,257,0,00000000,00000000000000000000000000000000,80002264
258,258,0,00000000,00000000000000000000000000000000,80002264
259,259,0,00000000,00000000000000000000000000000000,80002264
260,260,0,00000000,00000000000000000000000000000000,80002264
261,261,0,00000000,00000000000000000000000000000000,80002264
262,262,0,00000000,00000000000000000000000000000000,80002264
263,263,0,00000000,00000000000000000000000000000000,80002264
264,264,0,00000000,00000000000000000000000000000000,80002264
265,265,0,00000000,00000000000000000000000000000000,80002264
266,266,0,00000000,00000000000000000000000000000000,80002264
267,267,0,00000000,00000000000000000000000000000000,80002264
268,268,0,00000000,00000000000000000000000000000000,80002264
269,269,0,00000000,00000000000000000000000000000000,80002264
270,270,0,00000000,00000000000000000000000000000000,80002264
271,271,0,00000000,00000000000000000000000000000000,80002264
272,272,0,00000000,00000000000000000000000000000000,80002264
273,273,0,00000000,00000000000000000000000000000000,80002264
274,274,0,00000000,00000000000000000000000000000000,80002264
275,275,0,00000000,00000000000000000000000000000000,80002264
276,276,0,00000000,00000000000000000000000000000000,80002264
277,277,0,00000000,00000000000000000000000000000000,80002264
278,278,0,00000000,00000000000000000000000000000000,80002264
279,279,0,00000000,00000000000000000000000000000000,80002264
280,280,0,00000000,00000000000000000000000000000000,80002264
281,281,0,00000000,00000000000000000000000000000000,80002264
282,282,0,00000000,00000000000000000000000000000000,80002264
283,283,0,00000000,00000000000000000000000000000000,80002264
284,284,0,00000000,00000000000000000000000000000000,80002264
285,285,0,00000000,00000000000000000000000000000000,80002264
286,286,0,00000000,00000000000000000000000000000000,80002264
287,287,0,00000000,00000000000000000000000000000000,80002264
288,288,0,00000000,00000000000000000000000000000000,80002264
289,289,0,00000000,00000000000000000000000000000000,80002264
290,290,0,00000000,00000000000000000000000000000000,80002264
291,291,0,00000000,00000000000000000000000000000000,80002264
292,292,0,00000000,00000000000000000000000000000000,80002264
293,293,0,00000000,00000000000000000000000000000000,80002264
294,294,0,00000000,00000000000000000000000000000000,80002264
295,295,0,00000000,00000000000000000000000000000000,80002264
296,296,0,00000000,00000000000000000000000000000000,80002264
297,297,0,00000000,00000000000000000000000000000000,80002264
298,298,0,00000000,00000000000000000000000000000000,80002264
299,299,0,00000000,00000000000000000000000000000000,80002264
300,300,0,00000000,00000000000000000000000000000000,80002264
301,301,0,00000000,00000000000000000000000000000000,80002264
302,302,0,00000000,00000000000000000000000000000000,80002264
303,303,0,00000000,00000000000000000000000000000000,80002264
304,304,0,00000000,00000000000000000000000000000000,80002264
305,305,0,00000000,00000000000000000000000000000000,80002264
306,306,0,00000000,00000000000000000000000000000000,80002264
307,307,0,00000000,00000000000000000000000000000000,80002264
308,308,0,00000000,00000000000000000000000000000000,80002264
309,309,0,00000000,00000000000000000000000000000000,80002264
310,310,0,00000000,00000000000000000000000000000000,80002264
311,311,0,00000000,00000000000000000000000000000000,80002264
312,312,0,00000000,00000000000000000000000000000000,80002264
313,313,0,00000000,00000000000000000000000000000000,80002264
314,314,0,00000000,00000000000000000000000000000000,80002264
315,315,0,00000000,00000000000000000000000000000000,80002264
316,316,0,00000000,00000000000000000000000000000000,80002264
317,317,0,00000000,00000000000000000000000000000000,80002264
318,318,0,00000000,00000000000000000000000000000000,80002264
319,319,0,00000000,00000000000000000000000000000000,80002264
320,320,0,00000000,00000000000000000000000000000000,80002264
321,321,0,00000000,00000000000000000000000000000000,80002264
322,322,0,00000000,00000000000000000000000000000000,80002264
323,323,0,00000000,00000000000000000000000000000000,80002264
324,324,0,00000000,00000000000000000000000000000000,80002264
325,325,0,00000000,00000000000000000000000000000000,80002264
326,326,0,00000000,00000000000000000000000000000000,80002264
327,327,0,00000000,00000000000000000000000000000000,80002264
328,328,0,00000000,00000000000000000000000000000000,80002264
329,329,0,00000000,00000000000000000000000000000000,80002264
330,330,0,00000000,00000000000000000000000000000000,80002264
331,331,0,00000000,00000000000000000000000000000000,80002264
332,332,0,00000000,00000000000000000000000000000000,80002264
333,333,0,00000000,00000000000000000000000000000000,80002264
334,334,0,00000000,00000000000000000000000000000000,80002264
335,335,0,00000000,00000000000000000000000000000000,80002264
336,336,0,00000000,00000000000000000000000000000000,80002264
337,337,0,00000000,00000000000000000000000000000000,80002264
338,338,0,00000000,00000000000000000000000000000000,80002264
339,339,0,00000000,00000000000000000000000000000000,80002264
340,340,0,00000000,00000000000000000000000000000000,80002264
341,341,0,00000000,00000000000000000000000000000000,80002264
342,342,0,00000000,00000000000000000000000000000000,80002264
343,343,0,00000000,00000000000000000000000000000000,80002264
344,344,0,00000000,00000000000000000000000000000000,80002264
345,345,0,00000000,00000000000000000000000000000000,80002264
346,346,0,00000000,00000000000000000000000000000000,80002264
347,347,0,00000000,00000000000000000000000000000000,80002264
348,348,0,00000000,00000000000000000000000000000000,80002264
349,349,0,00000000,00000000000000000000000000000000,80002264
350,350,0,00000000,00000000000000000000000000000000,80002264
351,351,0,00000000,00000000000000000000000000000000,80002264
352,352,0,00000000,00000000000000000000000000000000,80002264
353,353,0,00000000,00000000000000000000000000000000,80002264
354,354,0,00000000,00000000000000000000000000000000,80002264
355,355,0,00000000,00000000000000000000000000000000,80002264
356,356,0,00000000,00000000000000000000000000000000,80002264
357,357,0,00000000,00000000000000000000000000000000,80002264
358,358,0,00000000,00000000000000000000000000000000,80002264
359,359,0,00000000,00000000000000000000000000000000,80002264
360,360,0,00000000,00000000000000000000000000000000,80002264
361,361,0,00000000,00000000000000000000000000000000,80002264
362,362,0,00000000,00000000000000000000000000000000,80002264
363,363,0,00000000,00000000000000000000000000000000,80002264
364,364,0,00000000,00000000000000000000000000000000,80002264
365,365,0,00000000,00000000000000000000000000000000,80002264
366,366,0,00000000,00000000000000000000000000000000,80002264
367,367,0,00000000,00000000000000000000000000000000,80002264
368,368,0,00000000,00000000000000000000000000000000,80002264
369,369,0,00000000,00000000000000000000000000000000,80002264
370,370,0,00000000,00000000000000000000000000000000,80002264
371,371,0,00000000,00000000000000000000000000000000,80002264
372,372,0,00000000,00000000000000000000000000000000,80002264
373,373,0,00000000,00000000000000000000000000000000,80002264
374,374,0,00000000,00000000000000000000000000000000,80002264
375,375,0,00000000,00000000000000000000000000000000,80002264
376,376,0,00000000,00000000000000000000000000000000,80002264
377,377,0,00000000,00000000000000000000000000000000,80002264
378,378,0,00000000,00000000000000000000000000000000,80002264
379,379,0,00000000,00000000000000000000000000000000,80002264
380,380,0,00000000,00000000000000000000000000000000,80002264
381,381,0,00000000,00000000000000000000000000000000,80002264
382,382,0,00000000,00000000000000000000000000000000,80002264
383,383,0,00000000,00000000000000000000000000000000,80002264
384,384,0,00000000,00000000000000000000000000000000,80002264
385,385,0,00000000,00000000000000000000000000000000,80002264
386,386,0,00000000,00000000000000000000000000000000,80002264
387,387,0,00000000,00000000000000000000000000000000,80002264
388,388,0,00000000,00000000000000000000000000000000,80002264
389,389,0,00000000,00000000000000000000000000000000,80002264
390,390,0,00000000,00000000000000000000000000000000,80002264
391,391,0,00000000,00000000000000000000000000000000,80002264
392,392,0,00000000,00000000000000000000000000000000,80002264
393,393,0,00000000,00000000000000000000000000000000,80002264
394,394,0,00000000,00000000000000000000000000000000,80002264
395,395,0,00000000,00000000000000000000000000000000,80002264
396,396,0,00000000,00000000000000000000000000000000,80002264
397,397,0,00000000,00000000000000000000000000000000,80002264
398,398,0,00000000,00000000000000000000000000000000,80002264
399,399,0,00000000,00000000000000000000000000000000,80002264
400,400,0,00000000,00000000000000000000000000000000,80002264
401,401,0,00000000,00000000000000000000000000000000,80002264
402,402,0,00000000,00000000000000000000000000000000,80002264
403,403,0,00000000,00000000000000000000000000000000,80002264
404,404,0,00000000,00000000000000000000000000000000,80002264
405,405,0,00000000,00000000000000000000000000000000,80002264
406,406,0,00000000,00000000000000000000000000000000,80002264
407,407,0,00000000,00000000000000000000000000000000,80002264
408,408,0,00000000,00000000000000000000000000000000,80002264
409,409,0,00000000,00000000000000000000000000000000,80002264
410,410,0,00000000,00000000000000000000000000000000,80002264
411,411,0,00000000,00000000000000000000000000000000,80002264
412,412,0,00000000,00000000000000000000000000000000,80002264
413,413,0,00000000,00000000000000000000000000000000,80002264
414,414,0,00000000,00000000000000000000000000000000,80002264
415,415,0,00000000,00000000000000000000000000000000,80002264
416,416,0,00000000,00000000000000000000000000000000,80002264
417,417,0,00000000,00000000000000000000000000000000,80002264
418,418,0,00000000,00000000000000000000000000000000,80002264
419,419,0,00000000,00000000000000000000000000000000,80002264
420,420,0,00000000,00000000000000000000000000000000,80002264
421,421,0,00000000,00000000000000000000000000000000,80002264
422,422,0,00000000,00000000000000000000000000000000,80002264
423,423,0,00000000,00000000000000000000000000000000,80002264
424,424,0,00000000,00000000000000000000000000000000,80002264
425,425,0,00000000,00000000000000000000000000000000,80002264
426,426,0,00000000,00000000000000000000000000000000,80002264
427,427,0,00000000,00000000000000000000000000000000,80002264
428,428,0,00000000,00000000000000000000000000000000,80002264
429,429,0,00000000,00000000000000000000000000000000,80002264
430,430,0,00000000,00000000000000000000000000000000,80002264
431,431,0,00000000,00000000000000000000000000000000,80002264
432,432,0,00000000,00000000000000000000000000000000,80002264
433,433,0,00000000,00000000000000000000000000000000,80002264
434,434,0,00000000,00000000000000000000000000000000,80002264
435,435,0,00000000,00000000000000000000000000000000,80002264
436,436,0,00000000,00000000000000000000000000000000,80002264
437,437,0,00000000,00000000000000000000000000000000,80002264
438,438,0,00000000,00000000000000000000000000000000,80002264
439,439,0,00000000,00000000000000000000000000000000,80002264
440,440,0,00000000,00000000000000000000000000000000,80002264
441,441,0,00000000,00000000000000000000000000000000,80002264
442,442,0,00000000,00000000000000000000000000000000,80002264
443,443,0,00000000,00000000000000000000000000000000,80002264
444,444,0,00000000,00000000000000000000000000000000,80002264
445,445,0,00000000,00000000000000000000000000000000,80002264
446,446,0,00000000,00000000000000000000000000000000,80002264
447,447,0,00000000,00000000000000000000000000000000,80002264
448,448,0,00000000,00000000000000000000000000000000,80002264
449,449,0,00000000,00000000000000000000000000000000,80002264
450,450,0,00000000,00000000000000000000000000000000,80002264
451,451,0,00000000,00000000000000000000000000000000,80002264
452,452,0,00000000,00000000000000000000000000000000,80002264
453,453,0,00000000,00000000000000000000000000000000,80002264
454,454,0,00000000,00000000000000000000000000000000,80002264
455,455,0,00000000,00000000000000000000000000000000,80002264
456,456,0,00000000,00000000000000000000000000000000,80002264
457,457,0,00000000,00000000000000000000000000000000,80002264
458,458,0,00000000,00000000000000000000000000000000,80002264
459,459,0,00000000,00000000000000000000000000000000,80002264
460,460,0,00000000,00000000000000000000000000000000,80002264
461,461,0,00000000,00000000000000000000000000000000,80002264
462,462,0,00000000,00000000000000000000000000000000,80002264
463,463,0,00000000,00000000000000000000000000000000,80002264
464,464,0,00000000,00000000000000000000000000000000,80002264
465,465,0,00000000,00000000000000000000000000000000,80002264
466,466,0,00000000,00000000000000000000000000000000,80002264
467,467,0,00000000,00000000000000000000000000000000,80002264
468,468,0,00000000,00000000000000000000000000000000,80002264
469,469,0,00000000,00000000000000000000000000000000,80002264
470,470,0,00000000,00000000000000000000000000000000,80002264
471,471,0,00000000,00000000000000000000000000000000,80002264
472,472,0,00000000,00000000000000000000000000000000,80002264
473,473,0,00000000,00000000000000000000000000000000,80002264
474,474,0,00000000,00000000000000000000000000000000,80002264
475,475,0,00000000,00000000000000000000000000000000,80002264
476,476,0,00000000,00000000000000000000000000000000,80002264
477,477,0,00000000,00000000000000000000000000000000,80002264
478,478,0,00000000,00000000000000000000000000000000,80002264
479,479,0,00000000,00000000000000000000000000000000,80002264
480,480,0,00000000,00000000000000000000000000000000,80002264
481,481,0,00000000,00000000000000000000000000000000,80002264
482,482,0,00000000,00000000000000000000000000000000,80002264
483,483,0,00000000,00000000000000000000000000000000,80002264
484,484,0,00000000,00000000000000000000000000000000,80002264
485,485,0,00000000,00000000000000000000000000000000,80002264
486,486,0,00000000,00000000000000000000000000000000,80002264
487,487,0,00000000,00000000000000000000000000000000,80002264
488,488,0,00000000,00000000000000000000000000000000,80002264
489,489,0,00000000,00000000000000000000000000000000,80002264
490,490,0,00000000,00000000000000000000000000000000,80002264
491,491,0,00000000,00000000000000000000000000000000,80002264
492,492,0,00000000,00000000000000000000000000000000,80002264
493,493,0,00000000,00000000000000000000000000000000,80002264
494,494,0,00000000,00000000000000000000000000000000,80002264
495,495,0,00000000,00000000000000000000000000000000,80002264
496,496,0,00000000,00000000000000000000000000000000,80002264
497,497,0,00000000,00000000000000000000000000000000,80002264
498,498,0,00000000,00000000000000000000000000000000,80002264
499,499,0,00000000,00000000000000000000000000000000,80002264
500,500,0,00000000,00000000000000000000000000000000,80002264
501,501,0,00000000,00000000000000000000000000000000,80002264
502,502,0,00000000,00000000000000000000000000000000,80002264
503,503,0,00000000,00000000000000000000000000000000,80002264
504,504,0,00000000,00000000000000000000000000000000,80002264
505,505,0,00000000,00000000000000000000000000000000,80002264
506,506,0,00000000,00000000000000000000000000000000,80002264
507,507,0,00000000,00000000000000000000000000000000,80002264
508,508,0,00000000,00000000000000000000000000000000,80002264
509,509,0,00000000,00000000000000000000000000000000,80002264
510,510,0,00000000,00000000000000000000000000000000,80002264
511,511,0,00000000,00000000000000000000000000000000,80002264
512,512,0,00000000,00000000000000000000000000000000,80002264
513,513,0,00000000,00000000000000000000000000000000,80002264
514,514,0,00000000,00000000000000000000000000000000,80002264
515,515,0,00000000,00000000000000000000000000000000,80002264
516,516,0,00000000,00000000000000000000000000000000,80002264
517,517,0,00000000,00000000000000000000000000000000,80002264
518,518,0,00000000,00000000000000000000000000000000,80002264
519,519,0,00000000,00000000000000000000000000000000,80002264
520,520,0,00000000,00000000000000000000000000000000,80002264
521,521,0,00000000,00000000000000000000000000000000,80002264
522,522,0,00000000,00000000000000000000000000000000,80002264
523,523,0,00000000,00000000000000000000000000000000,80002264
524,524,0,00000000,00000000000000000000000000000000,80002264
525,525,0,00000000,00000000000000000000000000000000,80002264
526,526,0,00000000,00000000000000000000000000000000,80002264
527,527,0,00000000,00000000000000000000000000000000,80002264
528,528,0,00000000,00000000000000000000000000000000,80002264
529,529,0,00000000,00000000000000000000000000000000,80002264
530,530,0,00000000,00000000000000000000000000000000,80002264
531,531,0,00000000,00000000000000000000000000000000,80002264
532,532,0,00000000,00000000000000000000000000000000,80002264
533,533,0,00000000,00000000000000000000000000000000,80002264
534,534,0,00000000,00000000000000000000000000000000,80002264
535,535,0,00000000,00000000000000000000000000000000,80002264
536,536,0,00000000,00000000000000000000000000000000,80002264
537,537,0,00000000,00000000000000000000000000000000,80002264
538,538,0,00000000,00000000000000000000000000000000,80002264
539,539,0,00000000,00000000000000000000000000000000,80002264
540,540,0,00000000,00000000000000000000000000000000,80002264
541,541,0,00000000,00000000000000000000000000000000,80002264
542,542,0,00000000,00000000000000000000000000000000,80002264
543,543,0,00000000,00000000000000000000000000000000,80002264
544,544,0,00000000,00000000000000000000000000000000,80002264
545,545,0,00000000,00000000000000000000000000000000,80002264
546,546,0,00000000,00000000000000000000000000000000,80002264
547,547,0,00000000,00000000000000000000000000000000,80002264
548,548,0,00000000,00000000000000000000000000000000,80002264
549,549,0,00000000,00000000000000000000000000000000,80002264
550,550,0,00000000,00000000000000000000000000000000,80002264
551,551,0,00000000,00000000000000000000000000000000,80002264
552,552,0,00000000,00000000000000000000000000000000,80002264
553,553,0,00000000,00000000000000000000000000000000,80002264
554,554,0,00000000,00000000000000000000000000000000,80002264
555,555,0,00000000,00000000000000000000000000000000,80002264
556,556,0,00000000,00000000000000000000000000000000,80002264
557,557,0,00000000,00000000000000000000000000000000,80002264
558,558,0,00000000,00000000000000000000000000000000,80002264
559,559,0,00000000,00000000000000000000000000000000,80002264
560,560,0,00000000,00000000000000000000000000000000,80002264
561,561,0,00000000,00000000000000000000000000000000,80002264
562,562,0,00000000,00000000000000000000000000000000,80002264
563,563,0,00000000,00000000000000000000000000000000,80002264
564,564,0,00000000,00000000000000000000000000000000,80002264
565,565,0,00000000,00000000000000000000000000000000,80002264
566,566,0,00000000,00000000000000000000000000000000,80002264
567,567,0,00000000,00000000000000000000000000000000,80002264
568,568,0,00000000,00000000000000000000000000000000,80002264
569,569,0,00000000,00000000000000000000000000000000,80002264
570,570,0,00000000,00000000000000000000000000000000,80002264
571,571,0,00000000,00000000000000000000000000000000,80002264
572,572,0,00000000,00000000000000000000000000000000,80002264
573,573,0,00000000,00000000000000000000000000000000,80002264
574,574,0,00000000,00000000000000000000000000000000,80002264
575,575,0,00000000,00000000000000000000000000000000,80002264
576,576,0,00000000,00000000000000000000000000000000,80002264
577,577,0,00000000,00000000000000000000000000000000,80002264
578,578,0,00000000,00000000000000000000000000000000,80002264
579,579,0,00000000,00000000000000000000000000000000,80002264
580,580,0,00000000,00000000000000000000000000000000,80002264
581,581,0,00000000,00000000000000000000000000000000,80002264
582,582,0,00000000,00000000000000000000000000000000,80002264
583,583,0,00000000,00000000000000000000000000000000,80002264
584,584,0,00000000,00000000000000000000000000000000,80002264
585,585,0,00000000,00000000000000000000000000000000,80002264
586,586,0,00000000,00000000000000000000000000000000,80002264
587,587,0,00000000,00000000000000000000000000000000,80002264
588,588,0,00000000,00000000000000000000000000000000,80002264
589,589,0,00000000,00000000000000000000000000000000,80002264
590,590,0,00000000,00000000000000000000000000000000,80002264
591,591,0,00000000,00000000000000000000000000000000,80002264
592,592,0,00000000,00000000000000000000000000000000,80002264
593,593,0,00000000,00000000000000000000000000000000,80002264
594,594,0,00000000,00000000000000000000000000000000,80002264
595,595,0,00000000,00000000000000000000000000000000,80002264
596,596,0,00000000,00000000000000000000000000000000,80002264
597,597,0,00000000,00000000000000000000000000000000,80002264
598,598,0,00000000,00000000000000000000000000000000,80002264
599,599,0,00000000,00000000000000000000000000000000,80002264
600,600,0,00000000,00000000000000000000000000000000,80002264
601,601,0,00000000,00000000000000000000000000000000,80002264
602,602,0,00000000,00000000000000000000000000000000,80002264
603,603,0,00000000,00000000000000000000000000000000,80002264
604,604,0,00000000,00000000000000000000000000000000,80002264
605,605,0,00000000,00000000000000000000000000000000,80002264
606,606,0,00000000,00000000000000000000000000000000,80002264
607,607,0,00000000,00000000000000000000000000000000,80002264
608,608,0,00000000,00000000000000000000000000000000,80002264
609,609,0,00000000,00000000000000000000000000000000,80002264
610,610,0,00000000,00000000000000000000000000000000,80002264
611,611,0,00000000,00000000000000000000000000000000,80002264
612,612,0,00000000,00000000000000000000000000000000,80002264
613,613,0,00000000,00000000000000000000000000000000,80002264
614,614,0,00000000,00000000000000000000000000000000,80002264
615,615,0,00000000,00000000000000000000000000000000,80002264
616,616,0,00000000,00000000000000000000000000000000,80002264
617,617,0,00000000,00000000000000000000000000000000,80002264
618,618,0,00000000,00000000000000000000000000000000,80002264
619,619,0,00000000,00000000000000000000000000000000,80002264
620,620,0,00000000,00000000000000000000000000000000,80002264
621,621,0,00000000,00000000000000000000000000000000,80002264
622,622,0,00000000,00000000000000000000000000000000,80002264
623,623,0,00000000,00000000000000000000000000000000,80002264
624,624,0,00000000,00000000000000000000000000000000,80002264
625,625,0,00000000,00000000000000000000000000000000,80002264
626,626,0,00000000,00000000000000000000000000000000,80002264
627,627,0,00000000,00000000000000000000000000000000,80002264
628,628,0,00000000,00000000000000000000000000000000,80002264
629,629,0,00000000,00000000000000000000000000000000,80002264
630,630,0,00000000,00000000000000000000000000000000,80002264
631,631,0,00000000,00000000000000000000000000000000,80002264
632,632,0,00000000,00000000000000000000000000000000,80002264
633,633,0,00000000,00000000000000000000000000000000,80002264
634,634,0,00000000,00000000000000000000000000000000,80002264
635,635,0,00000000,00000000000000000000000000000000,80002264
636,636,0,00000000,00000000000000000000000000000000,80002264
637,637,0,00000000,00000000000000000000000000000000,80002264
638,638,0,00000000,00000000000000000000000000000000,80002264
639,639,0,00000000,00000000000000000000000000000000,80002264
640,640,0,00000000,00000000000000000000000000000000,80002264
641,641,0,00000000,00000000000000000000000000000000,80002264
642,642,0,00000000,00000000000000000000000000000000,80002264
643,643,0,00000000,00000000000000000000000000000000,80002264
644,644,0,00000000,00000000000000000000000000000000,80002264
645,645,0,00000000,00000000000000000000000000000000,80002264
646,646,0,00000000,2548b9f065ec8e9aa9a32543cec9d3f5,80002264
647,647,0,65ec8e9a,00000000000000000000000000000000,80002268
648,648,0,00000000,00000000000000000000000000000000,80002268
649,649,0,a9a32543,00000000000000000000000000000000,8000226c
650,650,0,cec9d3f5,00000000000000000000000000000000,80002270
651,651,0,00000000,00000000000000000000000000000000,80002270
652,652,0,00000000,00000000000000000000000000000000,80002270
653,653,0,00000000,00000000000000000000000000000000,80002270
654,654,0,00000000,00000000000000000000000000000000,80002270
655,655,0,00000000,00000000000000000000000000000000,80002270
656,656,0,00000000,00000000000000000000000000000000,80002270
657,657,0,00000000,00000000000000000000000000000000,80002270
658,658,0,00000000,00000000000000000000000000000000,80002270
659,659,0,00000000,00000000000000000000000000000000,80002270
660,660,0,00000000,00000000000000000000000000000000,80002270
661,661,0,00000000,00000000000000000000000000000000,80002270
662,662,0,00000000,00000000000000000000000000000000,80002270
663,663,0,00000000,00000000000000000000000000000000,80002270
664,664,0,00000000,00000000000000000000000000000000,80002270
665,665,0,00000000,00000000000000000000000000000000,80002270
666,666,0,00000000,00000000000000000000000000000000,80002270
667,667,0,00000000,00000000000000000000000000000000,80002270
668,668,0,00000000,00000000000000000000000000000000,80002270
669,669,0,00000000,00000000000000000000000000000000,80002270
670,670,0,00000000,00000000000000000000000000000000,80002270
671,671,0,00000000,00000000000000000000000000000000,80002270
672,672,0,00000000,00000000000000000000000000000000,80002270
673,673,0,00000000,00000000000000000000000000000000,80002270
674,674,0,00000000,00000000000000000000000000000000,80002270
675,675,0,00000000,00000000000000000000000000000000,80002270
676,676,0,00000000,00000000000000000000000000000000,80002270
677,677,0,00000000,00000000000000000000000000000000,80002270
678,678,0,00000000,00000000000000000000000000000000,80002270
679,679,0,00000000,00000000000000000000000000000000,80002270
680,680,0,00000000,00000000000000000000000000000000,80002270
681,681,0,00000000,00000000000000000000000000000000,80002270
682,682,0,00000000,00000000000000000000000000000000,80002270
683,683,0,00000000,00000000000000000000000000000000,80002270
684,684,0,00000000,00000000000000000000000000000000,80002270
685,685,0,00000000,00000000000000000000000000000000,80002270
686,686,0,00000000,bfec8eeaef3e04ec6463d4bed4a3fc8d,80002270
687,687,0,bfec8eea,00000000000000000000000000000000,80002274
688,688,0,00000000,00000000000000000000000000000000,80002274
689,689,0,ef3e04ec,00000000000000000000000000000000,80002278
690,690,0,6463d4be,00000000000000000000000000000000,8000227c
691,691,0,d4a3fc8d,00000000000000000000000000000000,7ffe3166
692,692,0,00000000,00000000000000000000000000000000,7ffe3166
693,693,0,00000000,00000000000000000000000000000000,7ffe3166
694,694,0,00000000,00000000000000000000000000000000,7ffe3166
695,695,0,00000000,00000000000000000000000000000000,7ffe3166
696,696,0,00000000,00000000000000000000000000000000,7ffe3166
697,697,0,00000000,00000000000000000000000000000000,7ffe3166
698,698,0,00000000,00000000000000000000000000000000,7ffe3166
699,699,0,00000000,00000000000000000000000000000000,7ffe3166
700,700,0,00000000,00000000000000000000000000000000,7ffe3166
701,701,0,00000000,00000000000000000000000000000000,7ffe3166
702,702,0,00000000,00000000000000000000000000000000,7ffe3166
703,703,0,00000000,00000000000000000000000000000000,7ffe3166
704,704,0,00000000,00000000000000000000000000000000,7ffe3166
705,705,0,00000000,00000000000000000000000000000000,7ffe3166
706,706,0,00000000,00000000000000000000000000000000,7ffe3166
707,707,0,00000000,00000000000000000000000000000000,7ffe3166
708,708,0,00000000,00000000000000000000000000000000,7ffe3166
709,709,0,00000000,00000000000000000000000000000000,7ffe3166
710,710,0,00000000,00000000000000000000000000000000,7ffe3166
711,711,0,00000000,00000000000000000000000000000000,7ffe3166
712,712,0,00000000,00000000000000000000000000000000,7ffe3166
713,713,0,00000000,00000000000000000000000000000000,7ffe3166
714,714,0,00000000,00000000000000000000000000000000,7ffe3166
715,715,0,00000000,00000000000000000000000000000000,7ffe3166
716,716,0,00000000,00000000000000000000000000000000,7ffe3166
717,717,0,00000000,00000000000000000000000000000000,7ffe3166
718,718,0,00000000,00000000000000000000000000000000,7ffe3166
719,719,0,00000000,00000000000000000000000000000000,7ffe3166
720,720,0,00000000,00000000000000000000000000000000,7ffe3166
721,721,0,00000000,00000000000000000000000000000000,7ffe3166
722,722,0,00000000,00000000000000000000000000000000,7ffe3166
723,723,0,00000000,00000000000000000000000000000000,7ffe3166
724,724,0,00000000,00000000000000000000000000000000,7ffe3166
725,725,0,00000000,00000000000000000000000000000000,7ffe3166
726,726,0,00000000,00000000000000000000000000000000,7ffe3166
727,727,0,00000000,2130a3f109da236cdb802749088045c1,7ffe3166
728,728,0,09da236c,00000000000000000000000000000000,7ffe316a
729,729,0,00000000,00000000000000000000000000000000,7ffe316a
730,730,0,db802749,00000000000000000000000000000000,7ffe316e
731,731,0,088045c1,00000000000000000000000000000000,80085a02
732,732,0,00000000,00000000000000000000000000000000,80085a02
733,733,0,00000000,00000000000000000000000000000000,80085a02
734,734,0,00000000,00000000000000000000000000000000,80085a02
735,735,0,00000000,00000000000000000000000000000000,80085a02
736,736,0,00000000,00000000000000000000000000000000,80085a02
737,737,0,00000000,00000000000000000000000000000000,80085a02
738,738,0,00000000,00000000000000000000000000000000,80085a02
739,739,0,00000000,00000000000000000000000000000000,80085a02
740,740,0,00000000,00000000000000000000000000000000,80085a02
741,741,0,00000000,00000000000000000000000000000000,80085a02
742,742,0,00000000,00000000000000000000000000000000,80085a02
743,743,0,00000000,00000000000000000000000000000000,80085a02
744,744,0,00000000,00000000000000000000000000000000,80085a02
745,745,0,00000000,00000000000000000000000000000000,80085a02
746,746,0,00000000,00000000000000000000000000000000,80085a02
747,747,0,00000000,00000000000000000000000000000000,80085a02
748,748,0,00000000,00000000000000000000000000000000,80085a02
749,749,0,00000000,00000000000000000000000000000000,80085a02
750,750,0,00000000,00000000000000000000000000000000,80085a02
751,751,0,00000000,00000000000000000000000000000000,80085a02
752,752,0,00000000,00000000000000000000000000000000,80085a02
753,753,0,00000000,00000000000000000000000000000000,80085a02
754,754,0,00000000,00000000000000000000000000000000,80085a02
755,755,0,00000000,00000000000000000000000000000000,80085a02
756,756,0,00000000,00000000000000000000000000000000,80085a02
757,757,0,00000000,00000000000000000000000000000000,80085a02
758,758,0,00000000,00000000000000000000000000000000,80085a02
759,759,0,00000000,00000000000000000000000000000000,80085a02
760,760,0,00000000,00000000000000000000000000000000,80085a02
761,761,0,00000000,00000000000000000000000000000000,80085a02
762,762,0,00000000,00000000000000000000000000000000,80085a02
763,763,0,00000000,00000000000000000000000000000000,80085a02
764,764,0,00000000,00000000000000000000000000000000,80085a02
765,765,0,00000000,00000000000000000000000000000000,80085a02
766,766,0,00000000,00000000000000000000000000000000,80085a02
767,767,0,00000000,da06cad3e7fc58f595cb93ae86e9cdab,80085a02
768,768,0,da06cad3,00000000000000000000000000000000,80085a06
769,769,0,00000000,00000000000000000000000000000000,80085a06
770,770,0,e7fc58f5,00000000000000000000000000000000,80085a0a
771,771,0,95cb93ae,00000000000000000000000000000000,80085a0e
772,772,0,86e9cdab,00000000000000000000000000000000,80085a12
773,773,0,00000000,00000000000000000000000000000000,80085a12
774,774,0,00000000,00000000000000000000000000000000,80085a12
775,775,0,00000000,00000000000000000000000000000000,80085a12
776,776,0,00000000,00000000000000000000000000000000,80085a12
777,777,0,00000000,00000000000000000000000000000000,80085a12
778,778,0,00000000,00000000000000000000000000000000,80085a12
779,779,0,00000000,00000000000000000000000000000000,80085a12
780,780,0,00000000,00000000000000000000000000000000,80085a12
781,781,0,00000000,00000000000000000000000000000000,80085a12
782,782,0,00000000,00000000000000000000000000000000,80085a12
783,783,0,00000000,00000000000000000000000000000000,80085a12
784,784,0,00000000,00000000000000000000000000000000,80085a12
785,785,0,00000000,00000000000000000000000000000000,80085a12
786,786,0,00000000,00000000000000000000000000000000,80085a12
787,787,0,00000000,00000000000000000000000000000000,80085a12
788,788,0,00000000,00000000000000000000000000000000,80085a12
789,789,0,00000000,00000000000000000000000000000000,80085a12
790,790,0,00000000,00000000000000000000000000000000,80085a12
791,791,0,00000000,00000000000000000000000000000000,80085a12
792,792,0,00000000,00000000000000000000000000000000,80085a12
793,793,0,00000000,00000000000000000000000000000000,80085a12
794,794,0,00000000,00000000000000000000000000000000,80085a12
795,795,0,00000000,00000000000000000000000000000000,80085a12
796,796,0,00000000,00000000000000000000000000000000,80085a12
797,797,0,00000000,00000000000000000000000000000000,80085a12
798,798,0,00000000,00000000000000000000000000000000,80085a12
799,799,0,00000000,00000000000000000000000000000000,80085a12
800,800,0,00000000,00000000000000000000000000000000,80085a12
801,801,0,00000000,00000000000000000000000000000000,80085a12
802,802,0,00000000,00000000000000000000000000000000,80085a12
803,803,0,00000000,00000000000000000000000000000000,80085a12
804,804,0,00000000,00000000000000000000000000000000,80085a12
805,805,0,00000000,00000000000000000000000000000000,80085a12
806,806,0,00000000,00000000000000000000000000000000,80085a12
807,807,0,00000000,00000000000000000000000000000000,80085a12
808,808,0,00000000,8cc7c8f57a3fd4d72fee27ff3a83e2d3,80085a12
809,809,0,8cc7c8f5,00000000000000000000000000000000,80085a16
810,810,0,00000000,00000000000000000000000000000000,80085a16
811,811,0,7a3fd4d7,00000000000000000000000000000000,80085a16
812,812,0,7a3fd4d7,00000000000000000000000000000000,80085a16
813,813,0,7a3fd4d7,00000000000000000000000000000000,80085a16
814,814,0,7a3fd4d7,00000000000000000000000000000000,80085a16
815,815,0,7a3fd4d7,00000000000000000000000000000000,80085a16
816,816,0,7a3fd4d7,00000000000000000000000000000000,80085a16
817,817,0,7a3fd4d7,00000000000000000000000000000000,80085a16
818,818,0,7a3fd4d7,00000000000000000000000000000000,80085a16
819,819,0,7a3fd4d7,00000000000000000000000000000000,80085a16
820,820,0,7a3fd4d7,00000000000000000000000000000000,80085a16
821,821,0,7a3fd4d7,00000000000000000000000000000000,80085a16
822,822,0,7a3fd4d7,00000000000000000000000000000000,80085a16
823,823,0,7a3fd4d7,00000000000000000000000000000000,80085a16
824,824,0,7a3fd4d7,00000000000000000000000000000000,80085a16
825,825,0,7a3fd4d7,00000000000000000000000000000000,80085a16
826,826,0,7a3fd4d7,00000000000000000000000000000000,80085a16
827,827,0,7a3fd4d7,00000000000000000000000000000000,80085a16
828,828,0,7a3fd4d7,00000000000000000000000000000000,80085a16
829,829,0,7a3fd4d7,00000000000000000000000000000000,80085a16
830,830,0,7a3fd4d7,00000000000000000000000000000000,80085a16
831,831,0,7a3fd4d7,00000000000000000000000000000000,80085a16
832,832,0,7a3fd4d7,00000000000000000000000000000000,80085a16
833,833,0,7a3fd4d7,00000000000000000000000000000000,80085a16
834,834,0,7a3fd4d7,00000000000000000000000000000000,80085a16
835,835,0,7a3fd4d7,00000000000000000000000000000000,80085a16
836,836,0,7a3fd4d7,00000000000000000000000000000000,80085a16
837,837,0,7a3fd4d7,00000000000000000000000000000000,80085a16
838,838,0,7a3fd4d7,00000000000000000000000000000000,80085a16
839,839,0,7a3fd4d7,00000000000000000000000000000000,80085a16
840,840,0,7a3fd4d7,00000000000000000000000000000000,80085a16
841,841,0,7a3fd4d7,00000000000000000000000000000000,80085a16
842,842,0,7a3fd4d7,00000000000000000000000000000000,80085a16
843,843,0,7a3fd4d7,00000000000000000000000000000000,80085a16
844,844,0,7a3fd4d7,00000000000000000000000000000000,80085a16
845,845,0,7a3fd4d7,00000000000000000000000000000000,80085a16
846,846,0,7a3fd4d7,00000000000000000000000000000000,80085a16
847,847,0,7a3fd4d7,00000000000000000000000000000000,80085a16
848,848,0,7a3fd4d7,00000000000000000000000000000000,80085a16
849,849,0,7a3fd4d7,00000000000000000000000000000000,80085a16
850,850,0,7a3fd4d7,00000000000000000000000000000000,80085a16
851,851,0,7a3fd4d7,00000000000000000000000000000000,80085a16
852,852,0,7a3fd4d7,00000000000000000000000000000000,80085a16
853,853,0,7a3fd4d7,00000000000000000000000000000000,80085a16
854,854,0,7a3fd4d7,00000000000000000000000000000000,80085a16
855,855,0,7a3fd4d7,00000000000000000000000000000000,80085a16
856,856,0,7a3fd4d7,00000000000000000000000000000000,80085a16
857,857,0,7a3fd4d7,00000000000000000000000000000000,80085a16
858,858,0,7a3fd4d7,00000000000000000000000000000000,80085a16
859,859,0,7a3fd4d7,00000000000000000000000000000000,80085a16
860,860,0,7a3fd4d7,00000000000000000000000000000000,80085a16
861,861,0,7a3fd4d7,00000000000000000000000000000000,80085a16
862,862,0,7a3fd4d7,00000000000000000000000000000000,80085a16
863,863,0,7a3fd4d7,00000000000000000000000000000000,80085a16
864,864,0,7a3fd4d7,00000000000000000000000000000000,80085a16
865,865,0,7a3fd4d7,00000000000000000000000000000000,80085a16
866,866,0,7a3fd4d7,00000000000000000000000000000000,80085a16
867,867,0,7a3fd4d7,00000000000000000000000000000000,80085a16
868,868,0,7a3fd4d7,00000000000000000000000000000000,80085a16
869,869,0,7a3fd4d7,00000000000000000000000000000000,80085a16
870,870,0,7a3fd4d7,00000000000000000000000000000000,80085a16
871,871,0,7a3fd4d7,00000000000000000000000000000000,80085a16
872,872,0,7a3fd4d7,00000000000000000000000000000000,80085a16
873,873,0,7a3fd4d7,00000000000000000000000000000000,80085a16
874,874,0,7a3fd4d7,00000000000000000000000000000000,80085a16
875,875,0,7a3fd4d7,00000000000000000000000000000000,80085a16
876,876,0,7a3fd4d7,00000000000000000000000000000000,80085a16
877,877,0,7a3fd4d7,00000000000000000000000000000000,80085a16
878,878,0,7a3fd4d7,00000000000000000000000000000000,80085a16
879,879,0,7a3fd4d7,00000000000000000000000000000000,80085a16
880,880,0,7a3fd4d7,00000000000000000000000000000000,80085a16
881,881,0,7a3fd4d7,00000000000000000000000000000000,80085a16
882,882,0,7a3fd4d7,00000000000000000000000000000000,80085a16
883,883,0,7a3fd4d7,00000000000000000000000000000000,80085a16
884,884,0,7a3fd4d7,00000000000000000000000000000000,80085a16
885,885,0,7a3fd4d7,00000000000000000000000000000000,80085a16
886,886,0,7a3fd4d7,00000000000000000000000000000000,80085a16
887,887,0,7a3fd4d7,00000000000000000000000000000000,80085a16
888,888,0,7a3fd4d7,00000000000000000000000000000000,80085a16
889,889,0,7a3fd4d7,00000000000000000000000000000000,80085a16
890,890,0,7a3fd4d7,00000000000000000000000000000000,80085a16
891,891,0,7a3fd4d7,00000000000000000000000000000000,80085a16
892,892,0,7a3fd4d7,00000000000000000000000000000000,80085a16
893,893,0,7a3fd4d7,00000000000000000000000000000000,80085a16
894,894,0,7a3fd4d7,00000000000000000000000000000000,80085a16
895,895,0,7a3fd4d7,00000000000000000000000000000000,80085a16
896,896,0,7a3fd4d7,00000000000000000000000000000000,80085a16
897,897,0,7a3fd4d7,00000000000000000000000000000000,80085a16
898,898,0,7a3fd4d7,00000000000000000000000000000000,80085a16
899,899,0,7a3fd4d7,00000000000000000000000000000000,80085a16
900,900,0,7a3fd4d7,00000000000000000000000000000000,80085a16
901,901,0,7a3fd4d7,00000000000000000000000000000000,80085a16
902,902,0,7a3fd4d7,00000000000000000000000000000000,80085a16
903,903,0,7a3fd4d7,00000000000000000000000000000000,80085a16
904,904,0,7a3fd4d7,00000000000000000000000000000000,80085a16
905,905,0,7a3fd4d7,00000000000000000000000000000000,80085a16
906,906,0,7a3fd4d7,00000000000000000000000000000000,80085a16
907,907,0,7a3fd4d7,00000000000000000000000000000000,80085a16
908,908,0,7a3fd4d7,00000000000000000000000000000000,80085a16
909,909,0,7a3fd4d7,00000000000000000000000000000000,80085a16
910,910,0,7a3fd4d7,00000000000000000000000000000000,80085a16
911,911,0,7a3fd4d7,00000000000000000000000000000000,80085a16
912,912,0,7a3fd4d7,00000000000000000000000000000000,80085a16
913,913,0,7a3fd4d7,00000000000000000000000000000000,80085a16
914,914,0,7a3fd4d7,00000000000000000000000000000000,80085a16
915,915,0,7a3fd4d7,00000000000000000000000000000000,80085a16
916,916,0,7a3fd4d7,00000000000000000000000000000000,80085a16
917,917,0,7a3fd4d7,00000000000000000000000000000000,80085a16
918,918,0,7a3fd4d7,00000000000000000000000000000000,80085a16
919,919,0,7a3fd4d7,00000000000000000000000000000000,80085a16
920,920,0,7a3fd4d7,00000000000000000000000000000000,80085a16
921,921,0,7a3fd4d7,00000000000000000000000000000000,80085a16
922,922,0,7a3fd4d7,00000000000000000000000000000000,80085a16
923,923,0,7a3fd4d7,00000000000000000000000000000000,80085a16
924,924,0,7a3fd4d7,00000000000000000000000000000000,80085a16
925,925,0,7a3fd4d7,00000000000000000000000000000000,80085a16
926,926,0,7a3fd4d7,00000000000000000000000000000000,80085a16
927,927,0,7a3fd4d7,00000000000000000000000000000000,80085a16
928,928,0,7a3fd4d7,00000000000000000000000000000000,80085a16
929,929,0,7a3fd4d7,00000000000000000000000000000000,80085a16
930,930,0,7a3fd4d7,00000000000000000000000000000000,80085a16
931,931,0,7a3fd4d7,00000000000000000000000000000000,80085a16
932,932,0,7a3fd4d7,00000000000000000000000000000000,80085a16
933,933,0,7a3fd4d7,00000000000000000000000000000000,80085a16
934,934,0,7a3fd4d7,00000000000000000000000000000000,80085a16
935,935,0,7a3fd4d7,00000000000000000000000000000000,80085a16
936,936,0,7a3fd4d7,00000000000000000000000000000000,80085a16
937,937,0,7a3fd4d7,00000000000000000000000000000000,80085a16
938,938,0,7a3fd4d7,00000000000000000000000000000000,80085a16
939,939,0,7a3fd4d7,00000000000000000000000000000000,80085a16
940,940,0,7a3fd4d7,00000000000000000000000000000000,80085a16
941,941,0,7a3fd4d7,00000000000000000000000000000000,80085a16
942,942,0,7a3fd4d7,00000000000000000000000000000000,80085a16
943,943,0,7a3fd4d7,00000000000000000000000000000000,80085a16
944,944,0,7a3fd4d7,00000000000000000000000000000000,80085a16
945,945,0,7a3fd4d7,00000000000000000000000000000000,80085a16
946,946,0,7a3fd4d7,00000000000000000000000000000000,80085a16
947,947,0,7a3fd4d7,00000000000000000000000000000000,80085a16
948,948,0,7a3fd4d7,00000000000000000000000000000000,80085a16
949,949,0,7a3fd4d7,00000000000000000000000000000000,80085a16
950,950,0,7a3fd4d7,00000000000000000000000000000000,80085a16
951,951,0,7a3fd4d7,00000000000000000000000000000000,80085a16
952,952,0,7a3fd4d7,00000000000000000000000000000000,80085a16
953,953,0,7a3fd4d7,00000000000000000000000000000000,80085a16
954,954,0,7a3fd4d7,00000000000000000000000000000000,80085a16
955,955,0,7a3fd4d7,00000000000000000000000000000000,80085a16
956,956,0,7a3fd4d7,00000000000000000000000000000000,80085a16
957,957,0,7a3fd4d7,00000000000000000000000000000000,80085a16
958,958,0,7a3fd4d7,00000000000000000000000000000000,80085a16
959,959,0,7a3fd4d7,00000000000000000000000000000000,80085a16
960,960,0,7a3fd4d7,00000000000000000000000000000000,80085a16
961,961,0,7a3fd4d7,00000000000000000000000000000000,80085a16
962,962,0,7a3fd4d7,00000000000000000000000000000000,80085a16
963,963,0,7a3fd4d7,00000000000000000000000000000000,80085a16
964,964,0,7a3fd4d7,00000000000000000000000000000000,80085a16
965,965,0,7a3fd4d7,00000000000000000000000000000000,80085a16
966,966,0,7a3fd4d7,00000000000000000000000000000000,80085a16
967,967,0,7a3fd4d7,00000000000000000000000000000000,80085a16
968,968,0,7a3fd4d7,00000000000000000000000000000000,80085a16
969,969,0,7a3fd4d7,00000000000000000000000000000000,80085a16
970,970,0,7a3fd4d7,00000000000000000000000000000000,80085a16
971,971,0,7a3fd4d7,00000000000000000000000000000000,80085a16
972,972,0,7a3fd4d7,00000000000000000000000000000000,80085a16
973,973,0,7a3fd4d7,00000000000000000000000000000000,80085a16
974,974,0,7a3fd4d7,00000000000000000000000000000000,80085a16
975,975,0,7a3fd4d7,00000000000000000000000000000000,80085a16
976,976,0,7a3fd4d7,00000000000000000000000000000000,80085a16
977,977,0,7a3fd4d7,00000000000000000000000000000000,80085a16
978,978,0,7a3fd4d7,00000000000000000000000000000000,80085a16
979,979,0,7a3fd4d7,00000000000000000000000000000000,80085a16
980,980,0,7a3fd4d7,00000000000000000000000000000000,80085a16
981,981,0,7a3fd4d7,00000000000000000000000000000000,80085a16
982,982,0,7a3fd4d7,00000000000000000000000000000000,80085a16
983,983,0,7a3fd4d7,00000000000000000000000000000000,80085a16
984,984,0,7a3fd4d7,00000000000000000000000000000000,80085a16
985,985,0,7a3fd4d7,00000000000000000000000000000000,80085a16
986,986,0,7a3fd4d7,00000000000000000000000000000000,80085a16
987,987,0,7a3fd4d7,00000000000000000000000000000000,80085a16
988,988,0,7a3fd4d7,00000000000000000000000000000000,80085a16
989,989,0,7a3fd4d7,00000000000000000000000000000000,80085a16
990,990,0,7a3fd4d7,00000000000000000000000000000000,80085a16
991,991,0,7a3fd4d7,00000000000000000000000000000000,80085a16
992,992,0,7a3fd4d7,00000000000000000000000000000000,80085a16
993,993,0,7a3fd4d7,00000000000000000000000000000000,80085a16
994,994,0,7a3fd4d7,00000000000000000000000000000000,80085a16
995,995,0,7a3fd4d7,00000000000000000000000000000000,80085a16
996,996,0,7a3fd4d7,00000000000000000000000000000000,80085a16
997,997,0,7a3fd4d7,00000000000000000000000000000000,80085a16
998,998,0,7a3fd4d7,00000000000000000000000000000000,80085a16
999,999,0,7a3fd4d7,00000000000000000000000000000000,80085a16
1000,1000,0,7a3fd4d7,00000000000000000000000000000000,80085a16
1001,1001,0,7a3fd4d7,00000000000000000000000000000000,80085a16
1002,1002,0,7a3fd4d7,00000000000000000000000000000000,80085a16
1003,1003,0,7a3fd4d7,00000000000000000000000000000000,80085a16
1004,1004,0,7a3fd4d7,00000000000000000000000000000000,80085a16
1005,1005,0,7a3fd4d7,00000000000000000000000000000000,80085a16
1006,1006,0,7a3fd4d7,00000000000000000000000000000000,80085a16
1007,1007,0,7a3fd4d7,00000000000000000000000000000000,80085a16
1008,1008,0,7a3fd4d7,00000000000000000000000000000000,80085a16
1009,1009,0,7a3fd4d7,00000000000000000000000000000000,80085a16
1010,1010,0,7a3fd4d7,00000000000000000000000000000000,80085a16
1011,1011,0,7a3fd4d7,00000000000000000000000000000000,80085a16
1012,1012,0,7a3fd4d7,00000000000000000000000000000000,80085a16
1013,1013,0,7a3fd4d7,00000000000000000000000000000000,80085a16
1014,1014,0,7a3fd4d7,00000000000000000000000000000000,80085a16
1015,1015,0,7a3fd4d7,00000000000000000000000000000000,80085a16
1016,1016,0,7a3fd4d7,00000000000000000000000000000000,80085a16
1017,1017,0,7a3fd4d7,00000000000000000000000000000000,80085a16
1018,1018,0,7a3fd4d7,00000000000000000000000000000000,80085a16
1019,1019,0,7a3fd4d7,00000000000000000000000000000000,80085a16
1020,1020,0,7a3fd4d7,00000000000000000000000000000000,80085a16
1021,1021,0,7a3fd4d7,00000000000000000000000000000000,80085a16
1022,1022,0,7a3fd4d7,00000000000000000000000000000000,80085a16
1023,1023,0,7a3fd4d7,00000000000000000000000000000000,80085a16
